Hotel,Country,Month,Nights Sold,Night Type,Sales
1,France,January,201,Standard,10050
1,France,January,219,Deluxe,15330
1,France,January,234,Suite,23400
1,France,February,56,Standard,2800
1,France,February,219,Deluxe,15330
1,France,February,125,Suite,12500
1,France,March,210,Standard,10500
1,France,March,90,Deluxe,6300
1,France,March,105,Suite,10500
1,France,April,272,Standard,13600
1,France,April,130,Deluxe,9100
1,France,April,276,Suite,27600
1,France,May,297,Standard,14850
1,France,May,242,Deluxe,16940
1,France,May,53,Suite,5300
1,France,June,186,Standard,9300
1,France,June,297,Deluxe,20790
1,France,June,168,Suite,16800
1,France,July,288,Standard,14400
1,France,July,79,Deluxe,5530
1,France,July,194,Suite,19400
1,France,August,290,Standard,14500
1,France,August,190,Deluxe,13300
1,France,August,120,Suite,12000
1,France,September,71,Standard,3550
1,France,September,278,Deluxe,19460
1,France,September,181,Suite,18100
1,France,October,159,Standard,7950
1,France,October,96,Deluxe,6720
1,France,October,178,Suite,17800
1,France,November,122,Standard,6100
1,France,November,175,Deluxe,12250
1,France,November,224,Suite,22400
1,France,December,229,Standard,11450
1,France,December,67,Deluxe,4690
1,France,December,244,Suite,24400
2,France,January,142,Standard,7100
2,France,January,52,Deluxe,3640
2,France,January,64,Suite,6400
2,France,February,237,Standard,11850
2,France,February,62,Deluxe,4340
2,France,February,207,Suite,20700
2,France,March,123,Standard,6150
2,France,March,201,Deluxe,14070
2,France,March,161,Suite,16100
2,France,April,250,Standard,12500
2,France,April,217,Deluxe,15190
2,France,April,238,Suite,23800
2,France,May,248,Standard,12400
2,France,May,192,Deluxe,13440
2,France,May,126,Suite,12600
2,France,June,196,Standard,9800
2,France,June,137,Deluxe,9590
2,France,June,222,Suite,22200
2,France,July,138,Standard,6900
2,France,July,52,Deluxe,3640
2,France,July,116,Suite,11600
2,France,August,56,Standard,2800
2,France,August,156,Deluxe,10920
2,France,August,298,Suite,29800
2,France,September,220,Standard,11000
2,France,September,63,Deluxe,4410
2,France,September,170,Suite,17000
2,France,October,182,Standard,9100
2,France,October,136,Deluxe,9520
2,France,October,174,Suite,17400
2,France,November,140,Standard,7000
2,France,November,117,Deluxe,8190
2,France,November,222,Suite,22200
2,France,December,268,Standard,13400
2,France,December,279,Deluxe,19530
2,France,December,212,Suite,21200
3,France,January,290,Standard,14500
3,France,January,241,Deluxe,16870
3,France,January,164,Suite,16400
3,France,February,210,Standard,10500
3,France,February,98,Deluxe,6860
3,France,February,293,Suite,29300
3,France,March,281,Standard,14050
3,France,March,287,Deluxe,20090
3,France,March,93,Suite,9300
3,France,April,190,Standard,9500
3,France,April,59,Deluxe,4130
3,France,April,97,Suite,9700
3,France,May,287,Standard,14350
3,France,May,112,Deluxe,7840
3,France,May,155,Suite,15500
3,France,June,167,Standard,8350
3,France,June,174,Deluxe,12180
3,France,June,206,Suite,20600
3,France,July,82,Standard,4100
3,France,July,116,Deluxe,8120
3,France,July,140,Suite,14000
3,France,August,211,Standard,10550
3,France,August,116,Deluxe,8120
3,France,August,103,Suite,10300
3,France,September,251,Standard,12550
3,France,September,130,Deluxe,9100
3,France,September,60,Suite,6000
3,France,October,166,Standard,8300
3,France,October,92,Deluxe,6440
3,France,October,186,Suite,18600
3,France,November,176,Standard,8800
3,France,November,150,Deluxe,10500
3,France,November,98,Suite,9800
3,France,December,87,Standard,4350
3,France,December,124,Deluxe,8680
3,France,December,181,Suite,18100
4,France,January,105,Standard,5250
4,France,January,152,Deluxe,10640
4,France,January,175,Suite,17500
4,France,February,79,Standard,3950
4,France,February,231,Deluxe,16170
4,France,February,273,Suite,27300
4,France,March,173,Standard,8650
4,France,March,96,Deluxe,6720
4,France,March,247,Suite,24700
4,France,April,50,Standard,2500
4,France,April,274,Deluxe,19180
4,France,April,182,Suite,18200
4,France,May,60,Standard,3000
4,France,May,271,Deluxe,18970
4,France,May,223,Suite,22300
4,France,June,58,Standard,2900
4,France,June,134,Deluxe,9380
4,France,June,232,Suite,23200
4,France,July,159,Standard,7950
4,France,July,77,Deluxe,5390
4,France,July,118,Suite,11800
4,France,August,291,Standard,14550
4,France,August,117,Deluxe,8190
4,France,August,246,Suite,24600
4,France,September,170,Standard,8500
4,France,September,70,Deluxe,4900
4,France,September,277,Suite,27700
4,France,October,127,Standard,6350
4,France,October,185,Deluxe,12950
4,France,October,154,Suite,15400
4,France,November,259,Standard,12950
4,France,November,126,Deluxe,8820
4,France,November,269,Suite,26900
4,France,December,173,Standard,8650
4,France,December,281,Deluxe,19670
4,France,December,239,Suite,23900
5,France,January,66,Standard,3300
5,France,January,124,Deluxe,8680
5,France,January,296,Suite,29600
5,France,February,252,Standard,12600
5,France,February,184,Deluxe,12880
5,France,February,132,Suite,13200
5,France,March,94,Standard,4700
5,France,March,249,Deluxe,17430
5,France,March,70,Suite,7000
5,France,April,143,Standard,7150
5,France,April,192,Deluxe,13440
5,France,April,68,Suite,6800
5,France,May,198,Standard,9900
5,France,May,53,Deluxe,3710
5,France,May,278,Suite,27800
5,France,June,181,Standard,9050
5,France,June,128,Deluxe,8960
5,France,June,150,Suite,15000
5,France,July,139,Standard,6950
5,France,July,299,Deluxe,20930
5,France,July,170,Suite,17000
5,France,August,118,Standard,5900
5,France,August,297,Deluxe,20790
5,France,August,59,Suite,5900
5,France,September,299,Standard,14950
5,France,September,182,Deluxe,12740
5,France,September,233,Suite,23300
5,France,October,247,Standard,12350
5,France,October,283,Deluxe,19810
5,France,October,210,Suite,21000
5,France,November,185,Standard,9250
5,France,November,65,Deluxe,4550
5,France,November,294,Suite,29400
5,France,December,122,Standard,6100
5,France,December,143,Deluxe,10010
5,France,December,198,Suite,19800
6,France,January,52,Standard,2600
6,France,January,162,Deluxe,11340
6,France,January,177,Suite,17700
6,France,February,161,Standard,8050
6,France,February,105,Deluxe,7350
6,France,February,93,Suite,9300
6,France,March,249,Standard,12450
6,France,March,297,Deluxe,20790
6,France,March,263,Suite,26300
6,France,April,289,Standard,14450
6,France,April,279,Deluxe,19530
6,France,April,76,Suite,7600
6,France,May,229,Standard,11450
6,France,May,51,Deluxe,3570
6,France,May,115,Suite,11500
6,France,June,295,Standard,14750
6,France,June,262,Deluxe,18340
6,France,June,91,Suite,9100
6,France,July,227,Standard,11350
6,France,July,296,Deluxe,20720
6,France,July,292,Suite,29200
6,France,August,158,Standard,7900
6,France,August,83,Deluxe,5810
6,France,August,85,Suite,8500
6,France,September,69,Standard,3450
6,France,September,142,Deluxe,9940
6,France,September,166,Suite,16600
6,France,October,244,Standard,12200
6,France,October,135,Deluxe,9450
6,France,October,213,Suite,21300
6,France,November,286,Standard,14300
6,France,November,50,Deluxe,3500
6,France,November,201,Suite,20100
6,France,December,74,Standard,3700
6,France,December,241,Deluxe,16870
6,France,December,203,Suite,20300
7,France,January,162,Standard,8100
7,France,January,58,Deluxe,4060
7,France,January,130,Suite,13000
7,France,February,238,Standard,11900
7,France,February,66,Deluxe,4620
7,France,February,297,Suite,29700
7,France,March,271,Standard,13550
7,France,March,241,Deluxe,16870
7,France,March,259,Suite,25900
7,France,April,127,Standard,6350
7,France,April,147,Deluxe,10290
7,France,April,297,Suite,29700
7,France,May,230,Standard,11500
7,France,May,103,Deluxe,7210
7,France,May,148,Suite,14800
7,France,June,240,Standard,12000
7,France,June,123,Deluxe,8610
7,France,June,146,Suite,14600
7,France,July,84,Standard,4200
7,France,July,102,Deluxe,7140
7,France,July,139,Suite,13900
7,France,August,266,Standard,13300
7,France,August,143,Deluxe,10010
7,France,August,229,Suite,22900
7,France,September,294,Standard,14700
7,France,September,138,Deluxe,9660
7,France,September,207,Suite,20700
7,France,October,238,Standard,11900
7,France,October,169,Deluxe,11830
7,France,October,260,Suite,26000
7,France,November,62,Standard,3100
7,France,November,184,Deluxe,12880
7,France,November,151,Suite,15100
7,France,December,243,Standard,12150
7,France,December,293,Deluxe,20510
7,France,December,262,Suite,26200
8,France,January,71,Standard,3550
8,France,January,203,Deluxe,14210
8,France,January,141,Suite,14100
8,France,February,87,Standard,4350
8,France,February,242,Deluxe,16940
8,France,February,130,Suite,13000
8,France,March,258,Standard,12900
8,France,March,290,Deluxe,20300
8,France,March,184,Suite,18400
8,France,April,283,Standard,14150
8,France,April,88,Deluxe,6160
8,France,April,178,Suite,17800
8,France,May,126,Standard,6300
8,France,May,206,Deluxe,14420
8,France,May,184,Suite,18400
8,France,June,124,Standard,6200
8,France,June,148,Deluxe,10360
8,France,June,182,Suite,18200
8,France,July,170,Standard,8500
8,France,July,74,Deluxe,5180
8,France,July,298,Suite,29800
8,France,August,141,Standard,7050
8,France,August,265,Deluxe,18550
8,France,August,136,Suite,13600
8,France,September,162,Standard,8100
8,France,September,283,Deluxe,19810
8,France,September,113,Suite,11300
8,France,October,254,Standard,12700
8,France,October,163,Deluxe,11410
8,France,October,263,Suite,26300
8,France,November,200,Standard,10000
8,France,November,102,Deluxe,7140
8,France,November,148,Suite,14800
8,France,December,50,Standard,2500
8,France,December,107,Deluxe,7490
8,France,December,82,Suite,8200
9,France,January,106,Standard,5300
9,France,January,204,Deluxe,14280
9,France,January,283,Suite,28300
9,France,February,105,Standard,5250
9,France,February,235,Deluxe,16450
9,France,February,228,Suite,22800
9,France,March,237,Standard,11850
9,France,March,177,Deluxe,12390
9,France,March,113,Suite,11300
9,France,April,61,Standard,3050
9,France,April,222,Deluxe,15540
9,France,April,129,Suite,12900
9,France,May,95,Standard,4750
9,France,May,244,Deluxe,17080
9,France,May,124,Suite,12400
9,France,June,55,Standard,2750
9,France,June,147,Deluxe,10290
9,France,June,233,Suite,23300
9,France,July,88,Standard,4400
9,France,July,233,Deluxe,16310
9,France,July,125,Suite,12500
9,France,August,254,Standard,12700
9,France,August,164,Deluxe,11480
9,France,August,125,Suite,12500
9,France,September,211,Standard,10550
9,France,September,250,Deluxe,17500
9,France,September,122,Suite,12200
9,France,October,147,Standard,7350
9,France,October,80,Deluxe,5600
9,France,October,135,Suite,13500
9,France,November,72,Standard,3600
9,France,November,250,Deluxe,17500
9,France,November,50,Suite,5000
9,France,December,139,Standard,6950
9,France,December,83,Deluxe,5810
9,France,December,110,Suite,11000
10,France,January,233,Standard,11650
10,France,January,297,Deluxe,20790
10,France,January,232,Suite,23200
10,France,February,298,Standard,14900
10,France,February,182,Deluxe,12740
10,France,February,114,Suite,11400
10,France,March,214,Standard,10700
10,France,March,269,Deluxe,18830
10,France,March,97,Suite,9700
10,France,April,279,Standard,13950
10,France,April,163,Deluxe,11410
10,France,April,216,Suite,21600
10,France,May,181,Standard,9050
10,France,May,293,Deluxe,20510
10,France,May,258,Suite,25800
10,France,June,97,Standard,4850
10,France,June,191,Deluxe,13370
10,France,June,172,Suite,17200
10,France,July,161,Standard,8050
10,France,July,292,Deluxe,20440
10,France,July,264,Suite,26400
10,France,August,128,Standard,6400
10,France,August,205,Deluxe,14350
10,France,August,194,Suite,19400
10,France,September,286,Standard,14300
10,France,September,186,Deluxe,13020
10,France,September,90,Suite,9000
10,France,October,271,Standard,13550
10,France,October,90,Deluxe,6300
10,France,October,256,Suite,25600
10,France,November,299,Standard,14950
10,France,November,251,Deluxe,17570
10,France,November,213,Suite,21300
10,France,December,183,Standard,9150
10,France,December,278,Deluxe,19460
10,France,December,213,Suite,21300
11,Italy,January,247,Standard,12350
11,Italy,January,263,Deluxe,18410
11,Italy,January,288,Suite,28800
11,Italy,February,197,Standard,9850
11,Italy,February,138,Deluxe,9660
11,Italy,February,167,Suite,16700
11,Italy,March,120,Standard,6000
11,Italy,March,208,Deluxe,14560
11,Italy,March,157,Suite,15700
11,Italy,April,111,Standard,5550
11,Italy,April,234,Deluxe,16380
11,Italy,April,150,Suite,15000
11,Italy,May,98,Standard,4900
11,Italy,May,76,Deluxe,5320
11,Italy,May,164,Suite,16400
11,Italy,June,80,Standard,4000
11,Italy,June,280,Deluxe,19600
11,Italy,June,65,Suite,6500
11,Italy,July,156,Standard,7800
11,Italy,July,221,Deluxe,15470
11,Italy,July,208,Suite,20800
11,Italy,August,290,Standard,14500
11,Italy,August,286,Deluxe,20020
11,Italy,August,210,Suite,21000
11,Italy,September,262,Standard,13100
11,Italy,September,299,Deluxe,20930
11,Italy,September,112,Suite,11200
11,Italy,October,78,Standard,3900
11,Italy,October,86,Deluxe,6020
11,Italy,October,161,Suite,16100
11,Italy,November,57,Standard,2850
11,Italy,November,263,Deluxe,18410
11,Italy,November,93,Suite,9300
11,Italy,December,168,Standard,8400
11,Italy,December,71,Deluxe,4970
11,Italy,December,102,Suite,10200
12,Italy,January,235,Standard,11750
12,Italy,January,175,Deluxe,12250
12,Italy,January,156,Suite,15600
12,Italy,February,76,Standard,3800
12,Italy,February,241,Deluxe,16870
12,Italy,February,130,Suite,13000
12,Italy,March,265,Standard,13250
12,Italy,March,236,Deluxe,16520
12,Italy,March,267,Suite,26700
12,Italy,April,80,Standard,4000
12,Italy,April,168,Deluxe,11760
12,Italy,April,79,Suite,7900
12,Italy,May,141,Standard,7050
12,Italy,May,210,Deluxe,14700
12,Italy,May,232,Suite,23200
12,Italy,June,63,Standard,3150
12,Italy,June,201,Deluxe,14070
12,Italy,June,281,Suite,28100
12,Italy,July,279,Standard,13950
12,Italy,July,204,Deluxe,14280
12,Italy,July,86,Suite,8600
12,Italy,August,50,Standard,2500
12,Italy,August,69,Deluxe,4830
12,Italy,August,238,Suite,23800
12,Italy,September,235,Standard,11750
12,Italy,September,167,Deluxe,11690
12,Italy,September,104,Suite,10400
12,Italy,October,105,Standard,5250
12,Italy,October,282,Deluxe,19740
12,Italy,October,293,Suite,29300
12,Italy,November,142,Standard,7100
12,Italy,November,150,Deluxe,10500
12,Italy,November,133,Suite,13300
12,Italy,December,207,Standard,10350
12,Italy,December,261,Deluxe,18270
12,Italy,December,259,Suite,25900
13,Italy,January,251,Standard,12550
13,Italy,January,131,Deluxe,9170
13,Italy,January,268,Suite,26800
13,Italy,February,235,Standard,11750
13,Italy,February,181,Deluxe,12670
13,Italy,February,156,Suite,15600
13,Italy,March,138,Standard,6900
13,Italy,March,262,Deluxe,18340
13,Italy,March,273,Suite,27300
13,Italy,April,299,Standard,14950
13,Italy,April,230,Deluxe,16100
13,Italy,April,117,Suite,11700
13,Italy,May,159,Standard,7950
13,Italy,May,92,Deluxe,6440
13,Italy,May,273,Suite,27300
13,Italy,June,70,Standard,3500
13,Italy,June,65,Deluxe,4550
13,Italy,June,69,Suite,6900
13,Italy,July,88,Standard,4400
13,Italy,July,290,Deluxe,20300
13,Italy,July,184,Suite,18400
13,Italy,August,280,Standard,14000
13,Italy,August,260,Deluxe,18200
13,Italy,August,155,Suite,15500
13,Italy,September,242,Standard,12100
13,Italy,September,102,Deluxe,7140
13,Italy,September,107,Suite,10700
13,Italy,October,159,Standard,7950
13,Italy,October,151,Deluxe,10570
13,Italy,October,169,Suite,16900
13,Italy,November,220,Standard,11000
13,Italy,November,224,Deluxe,15680
13,Italy,November,136,Suite,13600
13,Italy,December,112,Standard,5600
13,Italy,December,256,Deluxe,17920
13,Italy,December,260,Suite,26000
14,Italy,January,60,Standard,3000
14,Italy,January,136,Deluxe,9520
14,Italy,January,256,Suite,25600
14,Italy,February,72,Standard,3600
14,Italy,February,216,Deluxe,15120
14,Italy,February,253,Suite,25300
14,Italy,March,93,Standard,4650
14,Italy,March,223,Deluxe,15610
14,Italy,March,64,Suite,6400
14,Italy,April,228,Standard,11400
14,Italy,April,154,Deluxe,10780
14,Italy,April,200,Suite,20000
14,Italy,May,220,Standard,11000
14,Italy,May,240,Deluxe,16800
14,Italy,May,149,Suite,14900
14,Italy,June,73,Standard,3650
14,Italy,June,264,Deluxe,18480
14,Italy,June,151,Suite,15100
14,Italy,July,188,Standard,9400
14,Italy,July,242,Deluxe,16940
14,Italy,July,143,Suite,14300
14,Italy,August,248,Standard,12400
14,Italy,August,109,Deluxe,7630
14,Italy,August,258,Suite,25800
14,Italy,September,52,Standard,2600
14,Italy,September,250,Deluxe,17500
14,Italy,September,238,Suite,23800
14,Italy,October,76,Standard,3800
14,Italy,October,282,Deluxe,19740
14,Italy,October,166,Suite,16600
14,Italy,November,260,Standard,13000
14,Italy,November,86,Deluxe,6020
14,Italy,November,113,Suite,11300
14,Italy,December,272,Standard,13600
14,Italy,December,273,Deluxe,19110
14,Italy,December,127,Suite,12700
15,Italy,January,187,Standard,9350
15,Italy,January,68,Deluxe,4760
15,Italy,January,234,Suite,23400
15,Italy,February,71,Standard,3550
15,Italy,February,220,Deluxe,15400
15,Italy,February,189,Suite,18900
15,Italy,March,288,Standard,14400
15,Italy,March,173,Deluxe,12110
15,Italy,March,70,Suite,7000
15,Italy,April,201,Standard,10050
15,Italy,April,226,Deluxe,15820
15,Italy,April,287,Suite,28700
15,Italy,May,170,Standard,8500
15,Italy,May,75,Deluxe,5250
15,Italy,May,229,Suite,22900
15,Italy,June,64,Standard,3200
15,Italy,June,144,Deluxe,10080
15,Italy,June,156,Suite,15600
15,Italy,July,289,Standard,14450
15,Italy,July,69,Deluxe,4830
15,Italy,July,289,Suite,28900
15,Italy,August,229,Standard,11450
15,Italy,August,86,Deluxe,6020
15,Italy,August,280,Suite,28000
15,Italy,September,112,Standard,5600
15,Italy,September,188,Deluxe,13160
15,Italy,September,269,Suite,26900
15,Italy,October,75,Standard,3750
15,Italy,October,100,Deluxe,7000
15,Italy,October,256,Suite,25600
15,Italy,November,214,Standard,10700
15,Italy,November,141,Deluxe,9870
15,Italy,November,223,Suite,22300
15,Italy,December,166,Standard,8300
15,Italy,December,162,Deluxe,11340
15,Italy,December,269,Suite,26900
16,Italy,January,134,Standard,6700
16,Italy,January,63,Deluxe,4410
16,Italy,January,299,Suite,29900
16,Italy,February,169,Standard,8450
16,Italy,February,167,Deluxe,11690
16,Italy,February,221,Suite,22100
16,Italy,March,281,Standard,14050
16,Italy,March,220,Deluxe,15400
16,Italy,March,210,Suite,21000
16,Italy,April,121,Standard,6050
16,Italy,April,177,Deluxe,12390
16,Italy,April,255,Suite,25500
16,Italy,May,186,Standard,9300
16,Italy,May,249,Deluxe,17430
16,Italy,May,283,Suite,28300
16,Italy,June,108,Standard,5400
16,Italy,June,69,Deluxe,4830
16,Italy,June,52,Suite,5200
16,Italy,July,204,Standard,10200
16,Italy,July,210,Deluxe,14700
16,Italy,July,139,Suite,13900
16,Italy,August,230,Standard,11500
16,Italy,August,192,Deluxe,13440
16,Italy,August,239,Suite,23900
16,Italy,September,167,Standard,8350
16,Italy,September,89,Deluxe,6230
16,Italy,September,274,Suite,27400
16,Italy,October,99,Standard,4950
16,Italy,October,269,Deluxe,18830
16,Italy,October,121,Suite,12100
16,Italy,November,247,Standard,12350
16,Italy,November,241,Deluxe,16870
16,Italy,November,200,Suite,20000
16,Italy,December,208,Standard,10400
16,Italy,December,139,Deluxe,9730
16,Italy,December,120,Suite,12000
17,Italy,January,166,Standard,8300
17,Italy,January,186,Deluxe,13020
17,Italy,January,237,Suite,23700
17,Italy,February,194,Standard,9700
17,Italy,February,131,Deluxe,9170
17,Italy,February,264,Suite,26400
17,Italy,March,143,Standard,7150
17,Italy,March,273,Deluxe,19110
17,Italy,March,78,Suite,7800
17,Italy,April,120,Standard,6000
17,Italy,April,188,Deluxe,13160
17,Italy,April,279,Suite,27900
17,Italy,May,155,Standard,7750
17,Italy,May,233,Deluxe,16310
17,Italy,May,168,Suite,16800
17,Italy,June,58,Standard,2900
17,Italy,June,98,Deluxe,6860
17,Italy,June,296,Suite,29600
17,Italy,July,246,Standard,12300
17,Italy,July,155,Deluxe,10850
17,Italy,July,242,Suite,24200
17,Italy,August,264,Standard,13200
17,Italy,August,230,Deluxe,16100
17,Italy,August,158,Suite,15800
17,Italy,September,135,Standard,6750
17,Italy,September,174,Deluxe,12180
17,Italy,September,64,Suite,6400
17,Italy,October,272,Standard,13600
17,Italy,October,64,Deluxe,4480
17,Italy,October,158,Suite,15800
17,Italy,November,197,Standard,9850
17,Italy,November,67,Deluxe,4690
17,Italy,November,68,Suite,6800
17,Italy,December,62,Standard,3100
17,Italy,December,151,Deluxe,10570
17,Italy,December,230,Suite,23000
18,Italy,January,75,Standard,3750
18,Italy,January,253,Deluxe,17710
18,Italy,January,268,Suite,26800
18,Italy,February,72,Standard,3600
18,Italy,February,91,Deluxe,6370
18,Italy,February,180,Suite,18000
18,Italy,March,205,Standard,10250
18,Italy,March,53,Deluxe,3710
18,Italy,March,255,Suite,25500
18,Italy,April,171,Standard,8550
18,Italy,April,93,Deluxe,6510
18,Italy,April,212,Suite,21200
18,Italy,May,144,Standard,7200
18,Italy,May,197,Deluxe,13790
18,Italy,May,146,Suite,14600
18,Italy,June,295,Standard,14750
18,Italy,June,139,Deluxe,9730
18,Italy,June,57,Suite,5700
18,Italy,July,202,Standard,10100
18,Italy,July,60,Deluxe,4200
18,Italy,July,229,Suite,22900
18,Italy,August,218,Standard,10900
18,Italy,August,192,Deluxe,13440
18,Italy,August,227,Suite,22700
18,Italy,September,133,Standard,6650
18,Italy,September,98,Deluxe,6860
18,Italy,September,242,Suite,24200
18,Italy,October,296,Standard,14800
18,Italy,October,223,Deluxe,15610
18,Italy,October,198,Suite,19800
18,Italy,November,151,Standard,7550
18,Italy,November,94,Deluxe,6580
18,Italy,November,89,Suite,8900
18,Italy,December,203,Standard,10150
18,Italy,December,291,Deluxe,20370
18,Italy,December,257,Suite,25700
19,Italy,January,286,Standard,14300
19,Italy,January,250,Deluxe,17500
19,Italy,January,221,Suite,22100
19,Italy,February,201,Standard,10050
19,Italy,February,211,Deluxe,14770
19,Italy,February,149,Suite,14900
19,Italy,March,145,Standard,7250
19,Italy,March,85,Deluxe,5950
19,Italy,March,247,Suite,24700
19,Italy,April,203,Standard,10150
19,Italy,April,280,Deluxe,19600
19,Italy,April,246,Suite,24600
19,Italy,May,252,Standard,12600
19,Italy,May,144,Deluxe,10080
19,Italy,May,237,Suite,23700
19,Italy,June,234,Standard,11700
19,Italy,June,258,Deluxe,18060
19,Italy,June,62,Suite,6200
19,Italy,July,113,Standard,5650
19,Italy,July,163,Deluxe,11410
19,Italy,July,198,Suite,19800
19,Italy,August,55,Standard,2750
19,Italy,August,133,Deluxe,9310
19,Italy,August,259,Suite,25900
19,Italy,September,176,Standard,8800
19,Italy,September,221,Deluxe,15470
19,Italy,September,220,Suite,22000
19,Italy,October,173,Standard,8650
19,Italy,October,138,Deluxe,9660
19,Italy,October,181,Suite,18100
19,Italy,November,198,Standard,9900
19,Italy,November,243,Deluxe,17010
19,Italy,November,60,Suite,6000
19,Italy,December,115,Standard,5750
19,Italy,December,175,Deluxe,12250
19,Italy,December,131,Suite,13100
20,Italy,January,209,Standard,10450
20,Italy,January,274,Deluxe,19180
20,Italy,January,273,Suite,27300
20,Italy,February,274,Standard,13700
20,Italy,February,251,Deluxe,17570
20,Italy,February,185,Suite,18500
20,Italy,March,283,Standard,14150
20,Italy,March,65,Deluxe,4550
20,Italy,March,102,Suite,10200
20,Italy,April,129,Standard,6450
20,Italy,April,265,Deluxe,18550
20,Italy,April,89,Suite,8900
20,Italy,May,245,Standard,12250
20,Italy,May,241,Deluxe,16870
20,Italy,May,144,Suite,14400
20,Italy,June,165,Standard,8250
20,Italy,June,67,Deluxe,4690
20,Italy,June,121,Suite,12100
20,Italy,July,156,Standard,7800
20,Italy,July,266,Deluxe,18620
20,Italy,July,225,Suite,22500
20,Italy,August,188,Standard,9400
20,Italy,August,131,Deluxe,9170
20,Italy,August,90,Suite,9000
20,Italy,September,145,Standard,7250
20,Italy,September,195,Deluxe,13650
20,Italy,September,109,Suite,10900
20,Italy,October,196,Standard,9800
20,Italy,October,161,Deluxe,11270
20,Italy,October,91,Suite,9100
20,Italy,November,141,Standard,7050
20,Italy,November,160,Deluxe,11200
20,Italy,November,179,Suite,17900
20,Italy,December,224,Standard,11200
20,Italy,December,225,Deluxe,15750
20,Italy,December,72,Suite,7200
21,UK,January,296,Standard,14800
21,UK,January,172,Deluxe,12040
21,UK,January,267,Suite,26700
21,UK,February,254,Standard,12700
21,UK,February,59,Deluxe,4130
21,UK,February,116,Suite,11600
21,UK,March,57,Standard,2850
21,UK,March,71,Deluxe,4970
21,UK,March,289,Suite,28900
21,UK,April,253,Standard,12650
21,UK,April,251,Deluxe,17570
21,UK,April,133,Suite,13300
21,UK,May,171,Standard,8550
21,UK,May,290,Deluxe,20300
21,UK,May,182,Suite,18200
21,UK,June,225,Standard,11250
21,UK,June,202,Deluxe,14140
21,UK,June,98,Suite,9800
21,UK,July,182,Standard,9100
21,UK,July,246,Deluxe,17220
21,UK,July,218,Suite,21800
21,UK,August,113,Standard,5650
21,UK,August,225,Deluxe,15750
21,UK,August,283,Suite,28300
21,UK,September,262,Standard,13100
21,UK,September,293,Deluxe,20510
21,UK,September,73,Suite,7300
21,UK,October,249,Standard,12450
21,UK,October,62,Deluxe,4340
21,UK,October,131,Suite,13100
21,UK,November,94,Standard,4700
21,UK,November,270,Deluxe,18900
21,UK,November,198,Suite,19800
21,UK,December,197,Standard,9850
21,UK,December,290,Deluxe,20300
21,UK,December,180,Suite,18000
22,UK,January,145,Standard,7250
22,UK,January,240,Deluxe,16800
22,UK,January,226,Suite,22600
22,UK,February,294,Standard,14700
22,UK,February,299,Deluxe,20930
22,UK,February,86,Suite,8600
22,UK,March,276,Standard,13800
22,UK,March,189,Deluxe,13230
22,UK,March,68,Suite,6800
22,UK,April,117,Standard,5850
22,UK,April,166,Deluxe,11620
22,UK,April,191,Suite,19100
22,UK,May,101,Standard,5050
22,UK,May,67,Deluxe,4690
22,UK,May,189,Suite,18900
22,UK,June,167,Standard,8350
22,UK,June,104,Deluxe,7280
22,UK,June,158,Suite,15800
22,UK,July,100,Standard,5000
22,UK,July,277,Deluxe,19390
22,UK,July,53,Suite,5300
22,UK,August,204,Standard,10200
22,UK,August,194,Deluxe,13580
22,UK,August,131,Suite,13100
22,UK,September,176,Standard,8800
22,UK,September,101,Deluxe,7070
22,UK,September,202,Suite,20200
22,UK,October,166,Standard,8300
22,UK,October,161,Deluxe,11270
22,UK,October,55,Suite,5500
22,UK,November,155,Standard,7750
22,UK,November,240,Deluxe,16800
22,UK,November,72,Suite,7200
22,UK,December,125,Standard,6250
22,UK,December,126,Deluxe,8820
22,UK,December,273,Suite,27300
23,UK,January,222,Standard,11100
23,UK,January,194,Deluxe,13580
23,UK,January,232,Suite,23200
23,UK,February,232,Standard,11600
23,UK,February,70,Deluxe,4900
23,UK,February,236,Suite,23600
23,UK,March,64,Standard,3200
23,UK,March,149,Deluxe,10430
23,UK,March,231,Suite,23100
23,UK,April,61,Standard,3050
23,UK,April,231,Deluxe,16170
23,UK,April,57,Suite,5700
23,UK,May,59,Standard,2950
23,UK,May,192,Deluxe,13440
23,UK,May,86,Suite,8600
23,UK,June,64,Standard,3200
23,UK,June,148,Deluxe,10360
23,UK,June,182,Suite,18200
23,UK,July,238,Standard,11900
23,UK,July,72,Deluxe,5040
23,UK,July,123,Suite,12300
23,UK,August,211,Standard,10550
23,UK,August,106,Deluxe,7420
23,UK,August,243,Suite,24300
23,UK,September,107,Standard,5350
23,UK,September,132,Deluxe,9240
23,UK,September,147,Suite,14700
23,UK,October,202,Standard,10100
23,UK,October,192,Deluxe,13440
23,UK,October,146,Suite,14600
23,UK,November,202,Standard,10100
23,UK,November,282,Deluxe,19740
23,UK,November,211,Suite,21100
23,UK,December,135,Standard,6750
23,UK,December,82,Deluxe,5740
23,UK,December,210,Suite,21000
24,UK,January,211,Standard,10550
24,UK,January,97,Deluxe,6790
24,UK,January,195,Suite,19500
24,UK,February,55,Standard,2750
24,UK,February,207,Deluxe,14490
24,UK,February,83,Suite,8300
24,UK,March,195,Standard,9750
24,UK,March,208,Deluxe,14560
24,UK,March,295,Suite,29500
24,UK,April,103,Standard,5150
24,UK,April,75,Deluxe,5250
24,UK,April,73,Suite,7300
24,UK,May,69,Standard,3450
24,UK,May,187,Deluxe,13090
24,UK,May,194,Suite,19400
24,UK,June,176,Standard,8800
24,UK,June,243,Deluxe,17010
24,UK,June,293,Suite,29300
24,UK,July,101,Standard,5050
24,UK,July,201,Deluxe,14070
24,UK,July,70,Suite,7000
24,UK,August,199,Standard,9950
24,UK,August,67,Deluxe,4690
24,UK,August,235,Suite,23500
24,UK,September,95,Standard,4750
24,UK,September,203,Deluxe,14210
24,UK,September,91,Suite,9100
24,UK,October,76,Standard,3800
24,UK,October,65,Deluxe,4550
24,UK,October,83,Suite,8300
24,UK,November,190,Standard,9500
24,UK,November,175,Deluxe,12250
24,UK,November,222,Suite,22200
24,UK,December,280,Standard,14000
24,UK,December,251,Deluxe,17570
24,UK,December,64,Suite,6400
25,UK,January,156,Standard,7800
25,UK,January,235,Deluxe,16450
25,UK,January,256,Suite,25600
25,UK,February,114,Standard,5700
25,UK,February,256,Deluxe,17920
25,UK,February,53,Suite,5300
25,UK,March,155,Standard,7750
25,UK,March,213,Deluxe,14910
25,UK,March,185,Suite,18500
25,UK,April,269,Standard,13450
25,UK,April,182,Deluxe,12740
25,UK,April,290,Suite,29000
25,UK,May,213,Standard,10650
25,UK,May,222,Deluxe,15540
25,UK,May,66,Suite,6600
25,UK,June,156,Standard,7800
25,UK,June,279,Deluxe,19530
25,UK,June,254,Suite,25400
25,UK,July,173,Standard,8650
25,UK,July,175,Deluxe,12250
25,UK,July,180,Suite,18000
25,UK,August,72,Standard,3600
25,UK,August,271,Deluxe,18970
25,UK,August,114,Suite,11400
25,UK,September,218,Standard,10900
25,UK,September,113,Deluxe,7910
25,UK,September,80,Suite,8000
25,UK,October,233,Standard,11650
25,UK,October,236,Deluxe,16520
25,UK,October,289,Suite,28900
25,UK,November,153,Standard,7650
25,UK,November,199,Deluxe,13930
25,UK,November,257,Suite,25700
25,UK,December,95,Standard,4750
25,UK,December,88,Deluxe,6160
25,UK,December,189,Suite,18900
26,UK,January,87,Standard,4350
26,UK,January,131,Deluxe,9170
26,UK,January,99,Suite,9900
26,UK,February,111,Standard,5550
26,UK,February,59,Deluxe,4130
26,UK,February,114,Suite,11400
26,UK,March,288,Standard,14400
26,UK,March,69,Deluxe,4830
26,UK,March,93,Suite,9300
26,UK,April,246,Standard,12300
26,UK,April,133,Deluxe,9310
26,UK,April,295,Suite,29500
26,UK,May,51,Standard,2550
26,UK,May,126,Deluxe,8820
26,UK,May,86,Suite,8600
26,UK,June,137,Standard,6850
26,UK,June,123,Deluxe,8610
26,UK,June,90,Suite,9000
26,UK,July,60,Standard,3000
26,UK,July,176,Deluxe,12320
26,UK,July,222,Suite,22200
26,UK,August,200,Standard,10000
26,UK,August,50,Deluxe,3500
26,UK,August,212,Suite,21200
26,UK,September,106,Standard,5300
26,UK,September,210,Deluxe,14700
26,UK,September,67,Suite,6700
26,UK,October,190,Standard,9500
26,UK,October,231,Deluxe,16170
26,UK,October,265,Suite,26500
26,UK,November,127,Standard,6350
26,UK,November,258,Deluxe,18060
26,UK,November,178,Suite,17800
26,UK,December,141,Standard,7050
26,UK,December,91,Deluxe,6370
26,UK,December,126,Suite,12600
27,UK,January,145,Standard,7250
27,UK,January,113,Deluxe,7910
27,UK,January,169,Suite,16900
27,UK,February,291,Standard,14550
27,UK,February,130,Deluxe,9100
27,UK,February,152,Suite,15200
27,UK,March,263,Standard,13150
27,UK,March,190,Deluxe,13300
27,UK,March,229,Suite,22900
27,UK,April,175,Standard,8750
27,UK,April,247,Deluxe,17290
27,UK,April,162,Suite,16200
27,UK,May,106,Standard,5300
27,UK,May,263,Deluxe,18410
27,UK,May,73,Suite,7300
27,UK,June,293,Standard,14650
27,UK,June,65,Deluxe,4550
27,UK,June,182,Suite,18200
27,UK,July,262,Standard,13100
27,UK,July,81,Deluxe,5670
27,UK,July,176,Suite,17600
27,UK,August,77,Standard,3850
27,UK,August,59,Deluxe,4130
27,UK,August,150,Suite,15000
27,UK,September,164,Standard,8200
27,UK,September,135,Deluxe,9450
27,UK,September,64,Suite,6400
27,UK,October,105,Standard,5250
27,UK,October,146,Deluxe,10220
27,UK,October,86,Suite,8600
27,UK,November,146,Standard,7300
27,UK,November,278,Deluxe,19460
27,UK,November,131,Suite,13100
27,UK,December,173,Standard,8650
27,UK,December,260,Deluxe,18200
27,UK,December,249,Suite,24900
28,UK,January,137,Standard,6850
28,UK,January,54,Deluxe,3780
28,UK,January,128,Suite,12800
28,UK,February,54,Standard,2700
28,UK,February,256,Deluxe,17920
28,UK,February,244,Suite,24400
28,UK,March,282,Standard,14100
28,UK,March,120,Deluxe,8400
28,UK,March,85,Suite,8500
28,UK,April,299,Standard,14950
28,UK,April,246,Deluxe,17220
28,UK,April,113,Suite,11300
28,UK,May,238,Standard,11900
28,UK,May,119,Deluxe,8330
28,UK,May,186,Suite,18600
28,UK,June,98,Standard,4900
28,UK,June,188,Deluxe,13160
28,UK,June,110,Suite,11000
28,UK,July,270,Standard,13500
28,UK,July,96,Deluxe,6720
28,UK,July,202,Suite,20200
28,UK,August,155,Standard,7750
28,UK,August,170,Deluxe,11900
28,UK,August,190,Suite,19000
28,UK,September,213,Standard,10650
28,UK,September,69,Deluxe,4830
28,UK,September,100,Suite,10000
28,UK,October,241,Standard,12050
28,UK,October,278,Deluxe,19460
28,UK,October,88,Suite,8800
28,UK,November,187,Standard,9350
28,UK,November,211,Deluxe,14770
28,UK,November,200,Suite,20000
28,UK,December,258,Standard,12900
28,UK,December,90,Deluxe,6300
28,UK,December,87,Suite,8700
29,UK,January,137,Standard,6850
29,UK,January,92,Deluxe,6440
29,UK,January,224,Suite,22400
29,UK,February,104,Standard,5200
29,UK,February,241,Deluxe,16870
29,UK,February,296,Suite,29600
29,UK,March,188,Standard,9400
29,UK,March,156,Deluxe,10920
29,UK,March,202,Suite,20200
29,UK,April,95,Standard,4750
29,UK,April,208,Deluxe,14560
29,UK,April,223,Suite,22300
29,UK,May,297,Standard,14850
29,UK,May,209,Deluxe,14630
29,UK,May,162,Suite,16200
29,UK,June,276,Standard,13800
29,UK,June,164,Deluxe,11480
29,UK,June,280,Suite,28000
29,UK,July,254,Standard,12700
29,UK,July,107,Deluxe,7490
29,UK,July,297,Suite,29700
29,UK,August,270,Standard,13500
29,UK,August,116,Deluxe,8120
29,UK,August,269,Suite,26900
29,UK,September,252,Standard,12600
29,UK,September,117,Deluxe,8190
29,UK,September,102,Suite,10200
29,UK,October,78,Standard,3900
29,UK,October,274,Deluxe,19180
29,UK,October,220,Suite,22000
29,UK,November,175,Standard,8750
29,UK,November,58,Deluxe,4060
29,UK,November,151,Suite,15100
29,UK,December,111,Standard,5550
29,UK,December,77,Deluxe,5390
29,UK,December,151,Suite,15100
30,UK,January,296,Standard,14800
30,UK,January,241,Deluxe,16870
30,UK,January,299,Suite,29900
30,UK,February,171,Standard,8550
30,UK,February,275,Deluxe,19250
30,UK,February,247,Suite,24700
30,UK,March,222,Standard,11100
30,UK,March,119,Deluxe,8330
30,UK,March,159,Suite,15900
30,UK,April,228,Standard,11400
30,UK,April,191,Deluxe,13370
30,UK,April,106,Suite,10600
30,UK,May,81,Standard,4050
30,UK,May,180,Deluxe,12600
30,UK,May,292,Suite,29200
30,UK,June,60,Standard,3000
30,UK,June,85,Deluxe,5950
30,UK,June,252,Suite,25200
30,UK,July,191,Standard,9550
30,UK,July,84,Deluxe,5880
30,UK,July,254,Suite,25400
30,UK,August,219,Standard,10950
30,UK,August,171,Deluxe,11970
30,UK,August,90,Suite,9000
30,UK,September,225,Standard,11250
30,UK,September,160,Deluxe,11200
30,UK,September,103,Suite,10300
30,UK,October,257,Standard,12850
30,UK,October,221,Deluxe,15470
30,UK,October,271,Suite,27100
30,UK,November,56,Standard,2800
30,UK,November,230,Deluxe,16100
30,UK,November,298,Suite,29800
30,UK,December,102,Standard,5100
30,UK,December,276,Deluxe,19320
30,UK,December,137,Suite,13700
31,Germany,January,163,Standard,8150
31,Germany,January,90,Deluxe,6300
31,Germany,January,109,Suite,10900
31,Germany,February,91,Standard,4550
31,Germany,February,109,Deluxe,7630
31,Germany,February,291,Suite,29100
31,Germany,March,176,Standard,8800
31,Germany,March,213,Deluxe,14910
31,Germany,March,169,Suite,16900
31,Germany,April,159,Standard,7950
31,Germany,April,277,Deluxe,19390
31,Germany,April,170,Suite,17000
31,Germany,May,254,Standard,12700
31,Germany,May,205,Deluxe,14350
31,Germany,May,99,Suite,9900
31,Germany,June,264,Standard,13200
31,Germany,June,268,Deluxe,18760
31,Germany,June,139,Suite,13900
31,Germany,July,59,Standard,2950
31,Germany,July,210,Deluxe,14700
31,Germany,July,78,Suite,7800
31,Germany,August,232,Standard,11600
31,Germany,August,239,Deluxe,16730
31,Germany,August,69,Suite,6900
31,Germany,September,180,Standard,9000
31,Germany,September,133,Deluxe,9310
31,Germany,September,95,Suite,9500
31,Germany,October,168,Standard,8400
31,Germany,October,140,Deluxe,9800
31,Germany,October,275,Suite,27500
31,Germany,November,185,Standard,9250
31,Germany,November,71,Deluxe,4970
31,Germany,November,213,Suite,21300
31,Germany,December,84,Standard,4200
31,Germany,December,187,Deluxe,13090
31,Germany,December,231,Suite,23100
32,Germany,January,97,Standard,4850
32,Germany,January,96,Deluxe,6720
32,Germany,January,134,Suite,13400
32,Germany,February,122,Standard,6100
32,Germany,February,65,Deluxe,4550
32,Germany,February,76,Suite,7600
32,Germany,March,269,Standard,13450
32,Germany,March,220,Deluxe,15400
32,Germany,March,229,Suite,22900
32,Germany,April,79,Standard,3950
32,Germany,April,146,Deluxe,10220
32,Germany,April,268,Suite,26800
32,Germany,May,284,Standard,14200
32,Germany,May,147,Deluxe,10290
32,Germany,May,152,Suite,15200
32,Germany,June,232,Standard,11600
32,Germany,June,233,Deluxe,16310
32,Germany,June,211,Suite,21100
32,Germany,July,121,Standard,6050
32,Germany,July,90,Deluxe,6300
32,Germany,July,115,Suite,11500
32,Germany,August,148,Standard,7400
32,Germany,August,265,Deluxe,18550
32,Germany,August,106,Suite,10600
32,Germany,September,195,Standard,9750
32,Germany,September,286,Deluxe,20020
32,Germany,September,280,Suite,28000
32,Germany,October,285,Standard,14250
32,Germany,October,139,Deluxe,9730
32,Germany,October,172,Suite,17200
32,Germany,November,224,Standard,11200
32,Germany,November,93,Deluxe,6510
32,Germany,November,52,Suite,5200
32,Germany,December,79,Standard,3950
32,Germany,December,216,Deluxe,15120
32,Germany,December,60,Suite,6000
33,Germany,January,230,Standard,11500
33,Germany,January,193,Deluxe,13510
33,Germany,January,152,Suite,15200
33,Germany,February,247,Standard,12350
33,Germany,February,155,Deluxe,10850
33,Germany,February,127,Suite,12700
33,Germany,March,80,Standard,4000
33,Germany,March,83,Deluxe,5810
33,Germany,March,74,Suite,7400
33,Germany,April,285,Standard,14250
33,Germany,April,245,Deluxe,17150
33,Germany,April,292,Suite,29200
33,Germany,May,242,Standard,12100
33,Germany,May,296,Deluxe,20720
33,Germany,May,227,Suite,22700
33,Germany,June,226,Standard,11300
33,Germany,June,123,Deluxe,8610
33,Germany,June,157,Suite,15700
33,Germany,July,169,Standard,8450
33,Germany,July,77,Deluxe,5390
33,Germany,July,194,Suite,19400
33,Germany,August,101,Standard,5050
33,Germany,August,278,Deluxe,19460
33,Germany,August,120,Suite,12000
33,Germany,September,210,Standard,10500
33,Germany,September,277,Deluxe,19390
33,Germany,September,166,Suite,16600
33,Germany,October,280,Standard,14000
33,Germany,October,51,Deluxe,3570
33,Germany,October,267,Suite,26700
33,Germany,November,109,Standard,5450
33,Germany,November,201,Deluxe,14070
33,Germany,November,188,Suite,18800
33,Germany,December,117,Standard,5850
33,Germany,December,277,Deluxe,19390
33,Germany,December,59,Suite,5900
34,Germany,January,89,Standard,4450
34,Germany,January,62,Deluxe,4340
34,Germany,January,297,Suite,29700
34,Germany,February,88,Standard,4400
34,Germany,February,161,Deluxe,11270
34,Germany,February,167,Suite,16700
34,Germany,March,127,Standard,6350
34,Germany,March,257,Deluxe,17990
34,Germany,March,110,Suite,11000
34,Germany,April,183,Standard,9150
34,Germany,April,110,Deluxe,7700
34,Germany,April,135,Suite,13500
34,Germany,May,284,Standard,14200
34,Germany,May,216,Deluxe,15120
34,Germany,May,244,Suite,24400
34,Germany,June,198,Standard,9900
34,Germany,June,278,Deluxe,19460
34,Germany,June,256,Suite,25600
34,Germany,July,74,Standard,3700
34,Germany,July,168,Deluxe,11760
34,Germany,July,73,Suite,7300
34,Germany,August,212,Standard,10600
34,Germany,August,281,Deluxe,19670
34,Germany,August,228,Suite,22800
34,Germany,September,80,Standard,4000
34,Germany,September,137,Deluxe,9590
34,Germany,September,137,Suite,13700
34,Germany,October,236,Standard,11800
34,Germany,October,229,Deluxe,16030
34,Germany,October,279,Suite,27900
34,Germany,November,294,Standard,14700
34,Germany,November,165,Deluxe,11550
34,Germany,November,205,Suite,20500
34,Germany,December,124,Standard,6200
34,Germany,December,195,Deluxe,13650
34,Germany,December,66,Suite,6600
35,Germany,January,167,Standard,8350
35,Germany,January,280,Deluxe,19600
35,Germany,January,55,Suite,5500
35,Germany,February,269,Standard,13450
35,Germany,February,246,Deluxe,17220
35,Germany,February,206,Suite,20600
35,Germany,March,62,Standard,3100
35,Germany,March,216,Deluxe,15120
35,Germany,March,226,Suite,22600
35,Germany,April,178,Standard,8900
35,Germany,April,242,Deluxe,16940
35,Germany,April,219,Suite,21900
35,Germany,May,97,Standard,4850
35,Germany,May,112,Deluxe,7840
35,Germany,May,209,Suite,20900
35,Germany,June,183,Standard,9150
35,Germany,June,122,Deluxe,8540
35,Germany,June,216,Suite,21600
35,Germany,July,286,Standard,14300
35,Germany,July,199,Deluxe,13930
35,Germany,July,100,Suite,10000
35,Germany,August,132,Standard,6600
35,Germany,August,205,Deluxe,14350
35,Germany,August,122,Suite,12200
35,Germany,September,272,Standard,13600
35,Germany,September,226,Deluxe,15820
35,Germany,September,213,Suite,21300
35,Germany,October,136,Standard,6800
35,Germany,October,63,Deluxe,4410
35,Germany,October,267,Suite,26700
35,Germany,November,76,Standard,3800
35,Germany,November,52,Deluxe,3640
35,Germany,November,195,Suite,19500
35,Germany,December,293,Standard,14650
35,Germany,December,179,Deluxe,12530
35,Germany,December,232,Suite,23200
36,Germany,January,176,Standard,8800
36,Germany,January,151,Deluxe,10570
36,Germany,January,285,Suite,28500
36,Germany,February,264,Standard,13200
36,Germany,February,93,Deluxe,6510
36,Germany,February,165,Suite,16500
36,Germany,March,172,Standard,8600
36,Germany,March,226,Deluxe,15820
36,Germany,March,204,Suite,20400
36,Germany,April,107,Standard,5350
36,Germany,April,247,Deluxe,17290
36,Germany,April,169,Suite,16900
36,Germany,May,133,Standard,6650
36,Germany,May,246,Deluxe,17220
36,Germany,May,159,Suite,15900
36,Germany,June,108,Standard,5400
36,Germany,June,153,Deluxe,10710
36,Germany,June,288,Suite,28800
36,Germany,July,257,Standard,12850
36,Germany,July,55,Deluxe,3850
36,Germany,July,243,Suite,24300
36,Germany,August,139,Standard,6950
36,Germany,August,196,Deluxe,13720
36,Germany,August,189,Suite,18900
36,Germany,September,125,Standard,6250
36,Germany,September,85,Deluxe,5950
36,Germany,September,226,Suite,22600
36,Germany,October,208,Standard,10400
36,Germany,October,297,Deluxe,20790
36,Germany,October,264,Suite,26400
36,Germany,November,143,Standard,7150
36,Germany,November,91,Deluxe,6370
36,Germany,November,236,Suite,23600
36,Germany,December,76,Standard,3800
36,Germany,December,275,Deluxe,19250
36,Germany,December,73,Suite,7300
37,Germany,January,182,Standard,9100
37,Germany,January,183,Deluxe,12810
37,Germany,January,207,Suite,20700
37,Germany,February,293,Standard,14650
37,Germany,February,233,Deluxe,16310
37,Germany,February,142,Suite,14200
37,Germany,March,119,Standard,5950
37,Germany,March,63,Deluxe,4410
37,Germany,March,67,Suite,6700
37,Germany,April,219,Standard,10950
37,Germany,April,98,Deluxe,6860
37,Germany,April,117,Suite,11700
37,Germany,May,205,Standard,10250
37,Germany,May,252,Deluxe,17640
37,Germany,May,175,Suite,17500
37,Germany,June,243,Standard,12150
37,Germany,June,225,Deluxe,15750
37,Germany,June,51,Suite,5100
37,Germany,July,213,Standard,10650
37,Germany,July,225,Deluxe,15750
37,Germany,July,125,Suite,12500
37,Germany,August,182,Standard,9100
37,Germany,August,144,Deluxe,10080
37,Germany,August,210,Suite,21000
37,Germany,September,279,Standard,13950
37,Germany,September,104,Deluxe,7280
37,Germany,September,168,Suite,16800
37,Germany,October,291,Standard,14550
37,Germany,October,101,Deluxe,7070
37,Germany,October,90,Suite,9000
37,Germany,November,231,Standard,11550
37,Germany,November,60,Deluxe,4200
37,Germany,November,60,Suite,6000
37,Germany,December,209,Standard,10450
37,Germany,December,218,Deluxe,15260
37,Germany,December,205,Suite,20500
38,Germany,January,145,Standard,7250
38,Germany,January,202,Deluxe,14140
38,Germany,January,97,Suite,9700
38,Germany,February,284,Standard,14200
38,Germany,February,235,Deluxe,16450
38,Germany,February,56,Suite,5600
38,Germany,March,285,Standard,14250
38,Germany,March,196,Deluxe,13720
38,Germany,March,145,Suite,14500
38,Germany,April,166,Standard,8300
38,Germany,April,91,Deluxe,6370
38,Germany,April,166,Suite,16600
38,Germany,May,207,Standard,10350
38,Germany,May,86,Deluxe,6020
38,Germany,May,122,Suite,12200
38,Germany,June,177,Standard,8850
38,Germany,June,103,Deluxe,7210
38,Germany,June,117,Suite,11700
38,Germany,July,107,Standard,5350
38,Germany,July,207,Deluxe,14490
38,Germany,July,91,Suite,9100
38,Germany,August,146,Standard,7300
38,Germany,August,128,Deluxe,8960
38,Germany,August,84,Suite,8400
38,Germany,September,91,Standard,4550
38,Germany,September,209,Deluxe,14630
38,Germany,September,104,Suite,10400
38,Germany,October,75,Standard,3750
38,Germany,October,63,Deluxe,4410
38,Germany,October,136,Suite,13600
38,Germany,November,115,Standard,5750
38,Germany,November,181,Deluxe,12670
38,Germany,November,153,Suite,15300
38,Germany,December,256,Standard,12800
38,Germany,December,202,Deluxe,14140
38,Germany,December,125,Suite,12500
39,Germany,January,252,Standard,12600
39,Germany,January,263,Deluxe,18410
39,Germany,January,59,Suite,5900
39,Germany,February,57,Standard,2850
39,Germany,February,163,Deluxe,11410
39,Germany,February,225,Suite,22500
39,Germany,March,211,Standard,10550
39,Germany,March,107,Deluxe,7490
39,Germany,March,98,Suite,9800
39,Germany,April,200,Standard,10000
39,Germany,April,232,Deluxe,16240
39,Germany,April,77,Suite,7700
39,Germany,May,77,Standard,3850
39,Germany,May,297,Deluxe,20790
39,Germany,May,272,Suite,27200
39,Germany,June,255,Standard,12750
39,Germany,June,58,Deluxe,4060
39,Germany,June,140,Suite,14000
39,Germany,July,101,Standard,5050
39,Germany,July,249,Deluxe,17430
39,Germany,July,152,Suite,15200
39,Germany,August,177,Standard,8850
39,Germany,August,85,Deluxe,5950
39,Germany,August,117,Suite,11700
39,Germany,September,249,Standard,12450
39,Germany,September,135,Deluxe,9450
39,Germany,September,205,Suite,20500
39,Germany,October,156,Standard,7800
39,Germany,October,226,Deluxe,15820
39,Germany,October,214,Suite,21400
39,Germany,November,58,Standard,2900
39,Germany,November,261,Deluxe,18270
39,Germany,November,277,Suite,27700
39,Germany,December,138,Standard,6900
39,Germany,December,268,Deluxe,18760
39,Germany,December,143,Suite,14300
40,Germany,January,54,Standard,2700
40,Germany,January,206,Deluxe,14420
40,Germany,January,109,Suite,10900
40,Germany,February,216,Standard,10800
40,Germany,February,274,Deluxe,19180
40,Germany,February,97,Suite,9700
40,Germany,March,204,Standard,10200
40,Germany,March,288,Deluxe,20160
40,Germany,March,191,Suite,19100
40,Germany,April,207,Standard,10350
40,Germany,April,184,Deluxe,12880
40,Germany,April,136,Suite,13600
40,Germany,May,62,Standard,3100
40,Germany,May,231,Deluxe,16170
40,Germany,May,91,Suite,9100
40,Germany,June,75,Standard,3750
40,Germany,June,69,Deluxe,4830
40,Germany,June,117,Suite,11700
40,Germany,July,156,Standard,7800
40,Germany,July,262,Deluxe,18340
40,Germany,July,290,Suite,29000
40,Germany,August,286,Standard,14300
40,Germany,August,164,Deluxe,11480
40,Germany,August,114,Suite,11400
40,Germany,September,217,Standard,10850
40,Germany,September,79,Deluxe,5530
40,Germany,September,72,Suite,7200
40,Germany,October,62,Standard,3100
40,Germany,October,199,Deluxe,13930
40,Germany,October,129,Suite,12900
40,Germany,November,137,Standard,6850
40,Germany,November,290,Deluxe,20300
40,Germany,November,104,Suite,10400
40,Germany,December,226,Standard,11300
40,Germany,December,193,Deluxe,13510
40,Germany,December,269,Suite,26900
41,Spain,January,95,Standard,4750
41,Spain,January,292,Deluxe,20440
41,Spain,January,262,Suite,26200
41,Spain,February,205,Standard,10250
41,Spain,February,180,Deluxe,12600
41,Spain,February,118,Suite,11800
41,Spain,March,223,Standard,11150
41,Spain,March,192,Deluxe,13440
41,Spain,March,54,Suite,5400
41,Spain,April,174,Standard,8700
41,Spain,April,215,Deluxe,15050
41,Spain,April,120,Suite,12000
41,Spain,May,235,Standard,11750
41,Spain,May,204,Deluxe,14280
41,Spain,May,219,Suite,21900
41,Spain,June,51,Standard,2550
41,Spain,June,208,Deluxe,14560
41,Spain,June,160,Suite,16000
41,Spain,July,228,Standard,11400
41,Spain,July,174,Deluxe,12180
41,Spain,July,264,Suite,26400
41,Spain,August,212,Standard,10600
41,Spain,August,152,Deluxe,10640
41,Spain,August,158,Suite,15800
41,Spain,September,294,Standard,14700
41,Spain,September,112,Deluxe,7840
41,Spain,September,173,Suite,17300
41,Spain,October,214,Standard,10700
41,Spain,October,193,Deluxe,13510
41,Spain,October,111,Suite,11100
41,Spain,November,260,Standard,13000
41,Spain,November,216,Deluxe,15120
41,Spain,November,65,Suite,6500
41,Spain,December,218,Standard,10900
41,Spain,December,171,Deluxe,11970
41,Spain,December,160,Suite,16000
42,Spain,January,164,Standard,8200
42,Spain,January,144,Deluxe,10080
42,Spain,January,51,Suite,5100
42,Spain,February,298,Standard,14900
42,Spain,February,257,Deluxe,17990
42,Spain,February,249,Suite,24900
42,Spain,March,299,Standard,14950
42,Spain,March,212,Deluxe,14840
42,Spain,March,110,Suite,11000
42,Spain,April,113,Standard,5650
42,Spain,April,103,Deluxe,7210
42,Spain,April,298,Suite,29800
42,Spain,May,74,Standard,3700
42,Spain,May,138,Deluxe,9660
42,Spain,May,115,Suite,11500
42,Spain,June,241,Standard,12050
42,Spain,June,276,Deluxe,19320
42,Spain,June,57,Suite,5700
42,Spain,July,229,Standard,11450
42,Spain,July,177,Deluxe,12390
42,Spain,July,237,Suite,23700
42,Spain,August,107,Standard,5350
42,Spain,August,253,Deluxe,17710
42,Spain,August,169,Suite,16900
42,Spain,September,156,Standard,7800
42,Spain,September,220,Deluxe,15400
42,Spain,September,155,Suite,15500
42,Spain,October,122,Standard,6100
42,Spain,October,299,Deluxe,20930
42,Spain,October,291,Suite,29100
42,Spain,November,211,Standard,10550
42,Spain,November,57,Deluxe,3990
42,Spain,November,283,Suite,28300
42,Spain,December,220,Standard,11000
42,Spain,December,96,Deluxe,6720
42,Spain,December,231,Suite,23100
43,Spain,January,229,Standard,11450
43,Spain,January,221,Deluxe,15470
43,Spain,January,73,Suite,7300
43,Spain,February,136,Standard,6800
43,Spain,February,250,Deluxe,17500
43,Spain,February,229,Suite,22900
43,Spain,March,147,Standard,7350
43,Spain,March,175,Deluxe,12250
43,Spain,March,213,Suite,21300
43,Spain,April,247,Standard,12350
43,Spain,April,86,Deluxe,6020
43,Spain,April,108,Suite,10800
43,Spain,May,70,Standard,3500
43,Spain,May,241,Deluxe,16870
43,Spain,May,178,Suite,17800
43,Spain,June,286,Standard,14300
43,Spain,June,74,Deluxe,5180
43,Spain,June,132,Suite,13200
43,Spain,July,183,Standard,9150
43,Spain,July,193,Deluxe,13510
43,Spain,July,282,Suite,28200
43,Spain,August,197,Standard,9850
43,Spain,August,212,Deluxe,14840
43,Spain,August,281,Suite,28100
43,Spain,September,196,Standard,9800
43,Spain,September,219,Deluxe,15330
43,Spain,September,252,Suite,25200
43,Spain,October,294,Standard,14700
43,Spain,October,227,Deluxe,15890
43,Spain,October,201,Suite,20100
43,Spain,November,174,Standard,8700
43,Spain,November,68,Deluxe,4760
43,Spain,November,86,Suite,8600
43,Spain,December,182,Standard,9100
43,Spain,December,212,Deluxe,14840
43,Spain,December,72,Suite,7200
44,Spain,January,82,Standard,4100
44,Spain,January,150,Deluxe,10500
44,Spain,January,241,Suite,24100
44,Spain,February,259,Standard,12950
44,Spain,February,123,Deluxe,8610
44,Spain,February,156,Suite,15600
44,Spain,March,263,Standard,13150
44,Spain,March,210,Deluxe,14700
44,Spain,March,194,Suite,19400
44,Spain,April,285,Standard,14250
44,Spain,April,65,Deluxe,4550
44,Spain,April,202,Suite,20200
44,Spain,May,152,Standard,7600
44,Spain,May,164,Deluxe,11480
44,Spain,May,245,Suite,24500
44,Spain,June,68,Standard,3400
44,Spain,June,287,Deluxe,20090
44,Spain,June,176,Suite,17600
44,Spain,July,139,Standard,6950
44,Spain,July,214,Deluxe,14980
44,Spain,July,73,Suite,7300
44,Spain,August,233,Standard,11650
44,Spain,August,200,Deluxe,14000
44,Spain,August,100,Suite,10000
44,Spain,September,263,Standard,13150
44,Spain,September,297,Deluxe,20790
44,Spain,September,63,Suite,6300
44,Spain,October,291,Standard,14550
44,Spain,October,184,Deluxe,12880
44,Spain,October,179,Suite,17900
44,Spain,November,134,Standard,6700
44,Spain,November,56,Deluxe,3920
44,Spain,November,224,Suite,22400
44,Spain,December,253,Standard,12650
44,Spain,December,250,Deluxe,17500
44,Spain,December,170,Suite,17000
45,Spain,January,293,Standard,14650
45,Spain,January,105,Deluxe,7350
45,Spain,January,234,Suite,23400
45,Spain,February,136,Standard,6800
45,Spain,February,167,Deluxe,11690
45,Spain,February,236,Suite,23600
45,Spain,March,299,Standard,14950
45,Spain,March,217,Deluxe,15190
45,Spain,March,83,Suite,8300
45,Spain,April,189,Standard,9450
45,Spain,April,97,Deluxe,6790
45,Spain,April,222,Suite,22200
45,Spain,May,208,Standard,10400
45,Spain,May,70,Deluxe,4900
45,Spain,May,178,Suite,17800
45,Spain,June,226,Standard,11300
45,Spain,June,248,Deluxe,17360
45,Spain,June,68,Suite,6800
45,Spain,July,110,Standard,5500
45,Spain,July,75,Deluxe,5250
45,Spain,July,147,Suite,14700
45,Spain,August,168,Standard,8400
45,Spain,August,155,Deluxe,10850
45,Spain,August,252,Suite,25200
45,Spain,September,281,Standard,14050
45,Spain,September,76,Deluxe,5320
45,Spain,September,179,Suite,17900
45,Spain,October,204,Standard,10200
45,Spain,October,184,Deluxe,12880
45,Spain,October,267,Suite,26700
45,Spain,November,198,Standard,9900
45,Spain,November,219,Deluxe,15330
45,Spain,November,236,Suite,23600
45,Spain,December,243,Standard,12150
45,Spain,December,219,Deluxe,15330
45,Spain,December,237,Suite,23700
46,Spain,January,64,Standard,3200
46,Spain,January,254,Deluxe,17780
46,Spain,January,211,Suite,21100
46,Spain,February,219,Standard,10950
46,Spain,February,238,Deluxe,16660
46,Spain,February,266,Suite,26600
46,Spain,March,128,Standard,6400
46,Spain,March,263,Deluxe,18410
46,Spain,March,169,Suite,16900
46,Spain,April,117,Standard,5850
46,Spain,April,213,Deluxe,14910
46,Spain,April,80,Suite,8000
46,Spain,May,248,Standard,12400
46,Spain,May,92,Deluxe,6440
46,Spain,May,127,Suite,12700
46,Spain,June,228,Standard,11400
46,Spain,June,123,Deluxe,8610
46,Spain,June,143,Suite,14300
46,Spain,July,166,Standard,8300
46,Spain,July,101,Deluxe,7070
46,Spain,July,108,Suite,10800
46,Spain,August,173,Standard,8650
46,Spain,August,90,Deluxe,6300
46,Spain,August,69,Suite,6900
46,Spain,September,196,Standard,9800
46,Spain,September,296,Deluxe,20720
46,Spain,September,110,Suite,11000
46,Spain,October,274,Standard,13700
46,Spain,October,148,Deluxe,10360
46,Spain,October,171,Suite,17100
46,Spain,November,273,Standard,13650
46,Spain,November,236,Deluxe,16520
46,Spain,November,238,Suite,23800
46,Spain,December,141,Standard,7050
46,Spain,December,113,Deluxe,7910
46,Spain,December,219,Suite,21900
47,Spain,January,285,Standard,14250
47,Spain,January,248,Deluxe,17360
47,Spain,January,100,Suite,10000
47,Spain,February,227,Standard,11350
47,Spain,February,86,Deluxe,6020
47,Spain,February,155,Suite,15500
47,Spain,March,59,Standard,2950
47,Spain,March,257,Deluxe,17990
47,Spain,March,218,Suite,21800
47,Spain,April,85,Standard,4250
47,Spain,April,136,Deluxe,9520
47,Spain,April,274,Suite,27400
47,Spain,May,94,Standard,4700
47,Spain,May,263,Deluxe,18410
47,Spain,May,284,Suite,28400
47,Spain,June,294,Standard,14700
47,Spain,June,70,Deluxe,4900
47,Spain,June,199,Suite,19900
47,Spain,July,289,Standard,14450
47,Spain,July,167,Deluxe,11690
47,Spain,July,184,Suite,18400
47,Spain,August,216,Standard,10800
47,Spain,August,216,Deluxe,15120
47,Spain,August,226,Suite,22600
47,Spain,September,136,Standard,6800
47,Spain,September,245,Deluxe,17150
47,Spain,September,255,Suite,25500
47,Spain,October,51,Standard,2550
47,Spain,October,299,Deluxe,20930
47,Spain,October,261,Suite,26100
47,Spain,November,118,Standard,5900
47,Spain,November,269,Deluxe,18830
47,Spain,November,292,Suite,29200
47,Spain,December,132,Standard,6600
47,Spain,December,227,Deluxe,15890
47,Spain,December,145,Suite,14500
48,Spain,January,178,Standard,8900
48,Spain,January,63,Deluxe,4410
48,Spain,January,151,Suite,15100
48,Spain,February,259,Standard,12950
48,Spain,February,67,Deluxe,4690
48,Spain,February,270,Suite,27000
48,Spain,March,202,Standard,10100
48,Spain,March,234,Deluxe,16380
48,Spain,March,118,Suite,11800
48,Spain,April,197,Standard,9850
48,Spain,April,225,Deluxe,15750
48,Spain,April,169,Suite,16900
48,Spain,May,250,Standard,12500
48,Spain,May,289,Deluxe,20230
48,Spain,May,238,Suite,23800
48,Spain,June,192,Standard,9600
48,Spain,June,158,Deluxe,11060
48,Spain,June,231,Suite,23100
48,Spain,July,72,Standard,3600
48,Spain,July,65,Deluxe,4550
48,Spain,July,71,Suite,7100
48,Spain,August,164,Standard,8200
48,Spain,August,264,Deluxe,18480
48,Spain,August,216,Suite,21600
48,Spain,September,99,Standard,4950
48,Spain,September,295,Deluxe,20650
48,Spain,September,97,Suite,9700
48,Spain,October,87,Standard,4350
48,Spain,October,274,Deluxe,19180
48,Spain,October,267,Suite,26700
48,Spain,November,225,Standard,11250
48,Spain,November,134,Deluxe,9380
48,Spain,November,262,Suite,26200
48,Spain,December,190,Standard,9500
48,Spain,December,193,Deluxe,13510
48,Spain,December,101,Suite,10100
49,Spain,January,276,Standard,13800
49,Spain,January,285,Deluxe,19950
49,Spain,January,184,Suite,18400
49,Spain,February,286,Standard,14300
49,Spain,February,52,Deluxe,3640
49,Spain,February,280,Suite,28000
49,Spain,March,119,Standard,5950
49,Spain,March,87,Deluxe,6090
49,Spain,March,142,Suite,14200
49,Spain,April,71,Standard,3550
49,Spain,April,267,Deluxe,18690
49,Spain,April,259,Suite,25900
49,Spain,May,292,Standard,14600
49,Spain,May,237,Deluxe,16590
49,Spain,May,89,Suite,8900
49,Spain,June,268,Standard,13400
49,Spain,June,207,Deluxe,14490
49,Spain,June,174,Suite,17400
49,Spain,July,168,Standard,8400
49,Spain,July,218,Deluxe,15260
49,Spain,July,258,Suite,25800
49,Spain,August,74,Standard,3700
49,Spain,August,266,Deluxe,18620
49,Spain,August,92,Suite,9200
49,Spain,September,164,Standard,8200
49,Spain,September,174,Deluxe,12180
49,Spain,September,132,Suite,13200
49,Spain,October,87,Standard,4350
49,Spain,October,50,Deluxe,3500
49,Spain,October,135,Suite,13500
49,Spain,November,201,Standard,10050
49,Spain,November,92,Deluxe,6440
49,Spain,November,70,Suite,7000
49,Spain,December,158,Standard,7900
49,Spain,December,88,Deluxe,6160
49,Spain,December,106,Suite,10600
50,Spain,January,292,Standard,14600
50,Spain,January,195,Deluxe,13650
50,Spain,January,190,Suite,19000
50,Spain,February,102,Standard,5100
50,Spain,February,227,Deluxe,15890
50,Spain,February,212,Suite,21200
50,Spain,March,152,Standard,7600
50,Spain,March,131,Deluxe,9170
50,Spain,March,71,Suite,7100
50,Spain,April,147,Standard,7350
50,Spain,April,93,Deluxe,6510
50,Spain,April,186,Suite,18600
50,Spain,May,58,Standard,2900
50,Spain,May,284,Deluxe,19880
50,Spain,May,275,Suite,27500
50,Spain,June,123,Standard,6150
50,Spain,June,128,Deluxe,8960
50,Spain,June,257,Suite,25700
50,Spain,July,272,Standard,13600
50,Spain,July,298,Deluxe,20860
50,Spain,July,149,Suite,14900
50,Spain,August,229,Standard,11450
50,Spain,August,133,Deluxe,9310
50,Spain,August,273,Suite,27300
50,Spain,September,295,Standard,14750
50,Spain,September,65,Deluxe,4550
50,Spain,September,156,Suite,15600
50,Spain,October,177,Standard,8850
50,Spain,October,123,Deluxe,8610
50,Spain,October,182,Suite,18200
50,Spain,November,61,Standard,3050
50,Spain,November,225,Deluxe,15750
50,Spain,November,155,Suite,15500
50,Spain,December,116,Standard,5800
50,Spain,December,56,Deluxe,3920
50,Spain,December,199,Suite,19900
